{
  "tileSize": 16,
  "padding": 2,
  "atlasWidth": 320,
  "atlasHeight": 320,
  "cols": 16,
  "rows": 16,
  "tiles": {
    "bedrock": { "index": 0, "x": 2, "y": 2, "w": 16, "h": 16, "u0": 0.00625, "v0": 0.00625, "u1": 0.05625, "v1": 0.05625 },
    "bush": { "index": 1, "x": 22, "y": 2, "w": 16, "h": 16, "u0": 0.06875, "v0": 0.00625, "u1": 0.11875, "v1": 0.05625 },
    "cactus_bottom": { "index": 2, "x": 42, "y": 2, "w": 16, "h": 16, "u0": 0.13125, "v0": 0.00625, "u1": 0.18125, "v1": 0.05625 },
    "cactus_side": { "index": 3, "x": 62, "y": 2, "w": 16, "h": 16, "u0": 0.19375, "v0": 0.00625, "u1": 0.24375, "v1": 0.05625 },
    "cactus_top": { "index": 4, "x": 82, "y": 2, "w": 16, "h": 16, "u0": 0.25625, "v0": 0.00625, "u1": 0.30625, "v1": 0.05625 },
    "clay": { "index": 5, "x": 102, "y": 2, "w": 16, "h": 16, "u0": 0.31875, "v0": 0.00625, "u1": 0.36875, "v1": 0.05625 },
    "deepslate": { "index": 6, "x": 122, "y": 2, "w": 16, "h": 16, "u0": 0.38125, "v0": 0.00625, "u1": 0.43125, "v1": 0.05625 },
    "dirt": { "index": 7, "x": 142, "y": 2, "w": 16, "h": 16, "u0": 0.44375, "v0": 0.00625, "u1": 0.49375, "v1": 0.05625 },
    "dirt_podzol_side": { "index": 8, "x": 162, "y": 2, "w": 16, "h": 16, "u0": 0.50625, "v0": 0.00625, "u1": 0.55625, "v1": 0.05625 },
    "dirt_podzol_top": { "index": 9, "x": 182, "y": 2, "w": 16, "h": 16, "u0": 0.56875, "v0": 0.00625, "u1": 0.61875, "v1": 0.05625 },
    "dry_grass_side": { "index": 10, "x": 202, "y": 2, "w": 16, "h": 16, "u0": 0.63125, "v0": 0.00625, "u1": 0.68125, "v1": 0.05625 },
    "dry_grass_top": { "index": 11, "x": 222, "y": 2, "w": 16, "h": 16, "u0": 0.69375, "v0": 0.00625, "u1": 0.74375, "v1": 0.05625 },
    "flower_red": { "index": 12, "x": 242, "y": 2, "w": 16, "h": 16, "u0": 0.75625, "v0": 0.00625, "u1": 0.80625, "v1": 0.05625 },
    "flower_yellow": { "index": 13, "x": 262, "y": 2, "w": 16, "h": 16, "u0": 0.81875, "v0": 0.00625, "u1": 0.86875, "v1": 0.05625 },
    "glass": { "index": 14, "x": 282, "y": 2, "w": 16, "h": 16, "u0": 0.88125, "v0": 0.00625, "u1": 0.93125, "v1": 0.05625 },
    "grass": { "index": 15, "x": 302, "y": 2, "w": 16, "h": 16, "u0": 0.94375, "v0": 0.00625, "u1": 0.99375, "v1": 0.05625 },
    "grass_side": { "index": 16, "x": 2, "y": 22, "w": 16, "h": 16, "u0": 0.00625, "v0": 0.06875, "u1": 0.05625, "v1": 0.11875 },
    "grass_side_snowed": { "index": 17, "x": 22, "y": 22, "w": 16, "h": 16, "u0": 0.06875, "v0": 0.06875, "u1": 0.11875, "v1": 0.11875 },
    "gravel": { "index": 18, "x": 42, "y": 22, "w": 16, "h": 16, "u0": 0.13125, "v0": 0.06875, "u1": 0.18125, "v1": 0.11875 },
    "ice": { "index": 19, "x": 62, "y": 22, "w": 16, "h": 16, "u0": 0.19375, "v0": 0.06875, "u1": 0.24375, "v1": 0.11875 },
    "oak_leaves": { "index": 20, "x": 82, "y": 22, "w": 16, "h": 16, "u0": 0.25625, "v0": 0.06875, "u1": 0.30625, "v1": 0.11875 },
    "oak_log": { "index": 21, "x": 102, "y": 22, "w": 16, "h": 16, "u0": 0.31875, "v0": 0.06875, "u1": 0.36875, "v1": 0.11875 },
    "oak_log_bot": { "index": 22, "x": 122, "y": 22, "w": 16, "h": 16, "u0": 0.38125, "v0": 0.06875, "u1": 0.43125, "v1": 0.11875 },
    "red_sand": { "index": 23, "x": 142, "y": 22, "w": 16, "h": 16, "u0": 0.44375, "v0": 0.06875, "u1": 0.49375, "v1": 0.11875 },
    "red_sandstone": { "index": 24, "x": 162, "y": 22, "w": 16, "h": 16, "u0": 0.50625, "v0": 0.06875, "u1": 0.55625, "v1": 0.11875 },
    "sand": { "index": 25, "x": 182, "y": 22, "w": 16, "h": 16, "u0": 0.56875, "v0": 0.06875, "u1": 0.61875, "v1": 0.11875 },
    "sandstone": { "index": 26, "x": 202, "y": 22, "w": 16, "h": 16, "u0": 0.63125, "v0": 0.06875, "u1": 0.68125, "v1": 0.11875 },
    "snow": { "index": 27, "x": 222, "y": 22, "w": 16, "h": 16, "u0": 0.69375, "v0": 0.06875, "u1": 0.74375, "v1": 0.11875 },
    "stone": { "index": 28, "x": 242, "y": 22, "w": 16, "h": 16, "u0": 0.75625, "v0": 0.06875, "u1": 0.80625, "v1": 0.11875 },
    "tall_grass": { "index": 29, "x": 262, "y": 22, "w": 16, "h": 16, "u0": 0.81875, "v0": 0.06875, "u1": 0.86875, "v1": 0.11875 },
    "water": { "index": 30, "x": 282, "y": 22, "w": 16, "h": 16, "u0": 0.88125, "v0": 0.06875, "u1": 0.93125, "v1": 0.11875 }
  }
}
