{
  "tileSize": 16,
  "padding": 2,
  "atlasWidth": 320,
  "atlasHeight": 320,
  "cols": 16,
  "rows": 16,
  "tiles": {
    "bedrock": { "index": 0, "x": 2, "y": 2, "w": 16, "h": 16, "u0": 0.00625, "v0": 0.00625, "u1": 0.05625, "v1": 0.05625 },
    "dirt": { "index": 1, "x": 22, "y": 2, "w": 16, "h": 16, "u0": 0.06875, "v0": 0.00625, "u1": 0.11875, "v1": 0.05625 },
    "grass": { "index": 2, "x": 42, "y": 2, "w": 16, "h": 16, "u0": 0.13125, "v0": 0.00625, "u1": 0.18125, "v1": 0.05625 },
    "grass_side": { "index": 3, "x": 62, "y": 2, "w": 16, "h": 16, "u0": 0.19375, "v0": 0.00625, "u1": 0.24375, "v1": 0.05625 },
    "sand": { "index": 4, "x": 82, "y": 2, "w": 16, "h": 16, "u0": 0.25625, "v0": 0.00625, "u1": 0.30625, "v1": 0.05625 },
    "snow": { "index": 5, "x": 102, "y": 2, "w": 16, "h": 16, "u0": 0.31875, "v0": 0.00625, "u1": 0.36875, "v1": 0.05625 },
    "stone": { "index": 6, "x": 122, "y": 2, "w": 16, "h": 16, "u0": 0.38125, "v0": 0.00625, "u1": 0.43125, "v1": 0.05625 },
    "water": { "index": 7, "x": 142, "y": 2, "w": 16, "h": 16, "u0": 0.44375, "v0": 0.00625, "u1": 0.49375, "v1": 0.05625 }
  }
}
